Customer_ID,Age,Gender,Annual_Income,Spending_Score,Purchase_Frequency,Total_Purchase_Amount
C0001,58,Male,23278.0,95.0,9,19854.0
C0002,32,Male,86249.0,14.0,22,102674.0
C0003,23,Other,75302.0,5.0,1,967.0
C0004,31,Male,86237.0,78.0,1,4797.0
C0005,30,Other,105181.0,90.0,18,65448.0
C0006,32,Female,97236.0,36.0,26,6578.0
C0007,46,Male,111506.0,55.0,11,27236.0
C0008,27,Male,145463.0,98.0,11,11407.0
C0009,23,Female,32676.0,46.0,28,84476.0
C0010,46,Female,125791.0,6.0,24,95112.0
C0011,52,Male,147548.0,49.0,3,14166.0
C0012,36,Other,101070.0,47.0,19,33725.0
C0013,63,Male,26006.0,85.0,8,20560.0
C0014,23,Male,133571.0,13.0,13,32201.0
C0015,47,Other,129328.0,47.0,6,19392.0
C0016,40,Male,107841.0,35.0,23,18032.0
C0017,56,Other,42431.0,69.0,24,52920.0
C0018,28,Female,69735.0,35.0,30,142860.0
C0019,32,Other,62504.0,99.0,25,16450.0
C0020,32,Male,125518.0,41.0,13,31109.0
C0021,22,Male,139686.0,73.0,29,80533.0
C0022,31,Other,85435.0,51.0,29,114782.0
C0023,27,Female,38301.0,32.0,24,115152.0
C0024,52,Female,117912.0,75.0,14,69720.0
C0025,46,Female,48746.0,18.0,17,72114.0
C0026,23,Male,132866.0,15.0,5,7550.0
C0027,68,Other,75333.0,77.0,3,10056.0
C0028,42,Other,81348.0,68.0,9,42588.0
C0029,18,Other,114466.0,15.0,22,101156.0
C0030,66,Female,120741.0,83.0,11,12243.0
C0031,36,Female,40730.0,59.0,1,2357.0
C0032,50,Male,86542.0,14.0,28,74032.0
C0033,58,Other,99818.0,26.0,5,16315.0
C0034,66,Male,90697.0,100.0,30,136320.0
C0035,18,Other,62487.0,63.0,1,1116.0
C0036,41,Female,51385.0,8.0,8,38776.0
C0037,23,Male,115932.0,63.0,27,20682.0
C0038,66,Other,120379.0,17.0,5,20465.0
C0039,53,Male,54741.0,68.0,28,102648.0
C0040,31,Other,118994.0,94.0,23,42481.0
C0041,63,Female,72296.0,86.0,21,68439.0
C0042,46,Other,79177.0,16.0,8,16320.0
C0043,22,Female,22757.0,76.0,18,37530.0
C0044,55,Male,20942.0,10.0,23,15686.0
C0045,32,Other,138675.0,5.0,28,81368.0
C0046,22,Other,51195.0,36.0,22,91872.0
C0047,31,Other,37342.0,93.0,30,146310.0
C0048,54,Female,51850.0,61.0,26,91884.0
C0049,30,Male,32704.0,85.0,14,43428.0
C0050,45,Female,81213.0,94.0,2,2012.0
C0051,21,Female,115448.0,44.0,26,28470.0
C0052,33,Male,44931.0,69.0,15,20220.0
C0053,45,Male,56509.0,60.0,8,6536.0
C0054,46,Other,32833.0,7.0,21,97188.0
C0055,18,Male,141420.0,97.0,28,59808.0
C0056,28,Female,83653.0,62.0,7,24395.0
C0057,21,Male,69672.0,1.0,13,30836.0
C0058,68,Female,57388.0,55.0,23,109296.0
C0059,60,Other,83788.0,20.0,7,18410.0
C0060,31,Male,95914.0,95.0,18,12582.0
C0061,65,Female,27492.0,7.0,19,77995.0
C0062,50,Other,86249.0,8.0,17,14552.0
C0063,29,Male,97992.0,9.0,22,46772.0
C0064,43,Male,143416.0,73.0,15,39536.0
C0065,56,Male,101183.0,11.0,14,69734.0
C0066,54,Other,61467.0,34.0,7,19411.0
C0067,33,Female,71876.0,17.0,22,58454.0
C0068,47,Female,141768.0,97.0,30,23820.0
C0069,18,Female,101416.0,73.0,4,3200.0
C0070,52,Male,86307.0,34.0,5,15295.0
C0071,22,Male,68434.0,37.0,6,22734.0
C0072,52,Other,59651.0,79.0,26,117858.0
C0073,18,Other,127099.0,71.0,10,10480.0
C0074,26,Female,35129.0,14.0,24,113568.0
C0075,27,Female,56930.0,78.0,7,21056.0
C0076,31,Other,103130.0,34.0,17,71434.0
C0077,46,Male,32097.0,82.0,14,34524.0
C0078,20,Male,63719.0,99.0,5,11725.0
C0079,28,Other,77912.0,71.0,23,85169.0
C0080,53,Male,34663.0,10.0,29,41209.0
C0081,52,Male,129392.0,48.0,19,89794.0
C0082,27,Female,36704.0,6.0,10,31870.0
C0083,68,Male,137823.0,46.0,7,15708.0
C0084,60,Male,66357.0,100.0,18,63522.0
C0085,57,Other,40257.0,31.0,28,42868.0
C0086,69,Male,135528.0,53.0,1,1669.0
C0087,65,Female,122548.0,54.0,26,58032.0
C0088,35,Male,123202.0,90.0,4,13332.0
C0089,20,Female,49154.0,26.0,27,107190.0
C0090,40,Female,127549.0,30.0,8,3144.0
C0091,60,Male,72227.0,43.0,9,6912.0
C0092,67,Female,66025.0,83.0,17,59058.0
C0093,61,Other,63404.0,4.0,4,9356.0
C0094,29,Other,146161.0,34.0,2,2176.0
C0095,56,Female,65309.0,94.0,26,71994.0
C0096,46,Other,149005.0,66.0,4,13420.0
C0097,54,Male,53386.0,6.0,23,86756.0
C0098,46,Other,141316.0,69.0,22,39908.0
C0099,41,Female,29171.0,86.0,30,87120.0
C0100,57,Female,106951.0,16.0,24,63840.0
C0101,50,Female,107410.0,53.0,11,38456.0
C0102,62,Female,92667.0,17.0,7,25508.0
C0103,60,Female,108777.0,96.0,29,47125.0
C0104,57,Other,59446.0,52.0,18,3654.0
C0105,37,Female,47549.0,56.0,26,128726.0
C0106,56,Other,62237.0,60.0,15,57330.0
C0107,61,Male,87000.0,54.0,26,41340.0
C0108,60,Male,57196.0,66.0,22,64790.0
C0109,23,Male,108184.0,40.0,8,14648.0
C0110,27,Male,26057.0,32.0,16,12736.0
C0111,47,Female,136147.0,81.0,19,34048.0
C0112,63,Other,70328.0,64.0,13,28574.0
C0113,27,Other,110128.0,1.0,29,31117.0
C0114,67,Female,48683.0,23.0,26,115518.0
C0115,47,Male,93060.0,32.0,30,35820.0
C0116,47,Male,125043.0,60.0,22,100122.0
C0117,53,Other,61588.0,97.0,29,110925.0
C0118,57,Other,136918.0,65.0,14,65632.0
C0119,46,Male,117472.0,61.0,15,34845.0
C0120,66,Male,130082.0,82.0,9,40230.0
C0121,49,Other,51358.0,36.0,15,12510.0
C0122,63,Female,50735.0,35.0,11,31009.0
C0123,52,Male,38136.0,20.0,8,26696.0
C0124,62,Male,112591.0,28.0,3,10794.0
C0125,44,Female,91121.0,60.0,14,9940.0
C0126,31,Female,71049.0,99.0,19,6840.0
C0127,66,Other,69857.0,62.0,1,3081.0
C0128,37,Female,131863.0,54.0,18,84114.0
C0129,69,Other,137677.0,29.0,16,31952.0
C0130,35,Female,83654.0,4.0,13,38389.0
C0131,60,Other,124614.0,52.0,24,37248.0
C0132,47,Male,148545.0,80.0,18,7560.0
C0133,43,Other,93975.0,85.0,1,887.0
C0134,59,Other,37786.0,60.0,6,3666.0
C0135,34,Female,62906.0,28.0,15,43155.0
C0136,39,Female,56471.0,97.0,27,98631.0
C0137,34,Male,86249.0,3.0,24,110832.0
C0138,21,Female,49389.0,84.0,3,1587.0
C0139,66,Male,144467.0,32.0,7,2562.0
C0140,57,Male,51266.0,17.0,16,18192.0
C0141,54,Male,80952.0,90.0,9,28989.0
C0142,28,Other,99593.0,96.0,23,26174.0
C0143,67,Male,146447.0,40.0,4,19760.0
C0144,19,Female,95470.0,87.0,30,98220.0
C0145,43,Other,45995.0,10.0,19,41591.0
C0146,24,Other,121250.0,39.0,28,32296.0
C0147,68,Other,122581.0,6.0,12,54768.0
C0148,45,Other,68571.0,9.0,17,50915.0
C0149,18,Female,127784.0,63.0,4,15004.0
C0150,41,Other,136860.0,59.0,23,33419.0
C0151,45,Male,116180.0,67.0,21,50652.0
C0152,57,Other,121533.0,62.0,15,56520.0
C0153,70,Other,97656.0,35.0,11,24321.0
C0154,23,Female,135557.0,58.0,8,32048.0
C0155,54,Other,107580.0,49.0,15,4785.0
C0156,49,Female,43834.0,63.0,7,21742.0
C0157,69,Female,64608.0,36.0,29,71427.0
C0158,53,Male,87715.0,25.0,3,6531.0
C0159,64,Female,84038.0,72.0,25,54200.0
C0160,62,Female,104659.0,92.0,16,61936.0
C0161,68,Male,32196.0,38.0,8,28096.0
C0162,62,Male,60135.0,85.0,19,61237.0
C0163,48,Other,89588.0,45.0,14,65912.0
C0164,39,Female,112124.0,59.0,9,24399.0
C0165,34,Male,35814.0,93.0,7,19488.0
C0166,25,Other,90236.0,98.0,23,39468.0
C0167,30,Male,116810.0,62.0,9,40473.0
C0168,56,Female,148517.0,13.0,27,48330.0
C0169,36,Male,67301.0,23.0,10,3150.0
C0170,63,Other,36591.0,36.0,2,1292.0
C0171,53,Female,111411.0,17.0,21,88641.0
C0172,24,Male,95243.0,37.0,16,65936.0
C0173,46,Female,44164.0,7.0,9,37017.0
C0174,25,Male,72521.0,63.0,3,14778.0
C0175,58,Other,27026.0,20.0,5,24050.0
C0176,37,Male,52530.0,16.0,18,64962.0
C0177,56,Other,123643.0,80.0,8,35840.0
C0178,42,Female,139079.0,57.0,10,37120.0
C0179,37,Other,101399.0,8.0,20,20240.0
C0180,66,Male,101987.0,28.0,9,7785.0
C0181,28,Male,42782.0,71.0,3,4446.0
C0182,18,Female,79048.0,89.0,20,80980.0
C0183,36,Male,50340.0,37.0,23,57868.0
C0184,62,Female,29329.0,88.0,8,18936.0
C0185,68,Other,97304.0,85.0,26,47320.0
C0186,45,Male,91376.0,29.0,21,29820.0
C0187,35,Male,29359.0,8.0,6,16314.0
C0188,56,Other,128034.0,73.0,30,76920.0
C0189,46,Male,81433.0,89.0,10,34970.0
C0190,35,Other,90776.0,64.0,15,12870.0
C0191,56,Male,136578.0,56.0,24,68160.0
C0192,56,Female,23390.0,12.0,8,39296.0
C0193,55,Male,120238.0,87.0,27,64989.0
C0194,54,Male,120022.0,97.0,6,24324.0
C0195,51,Other,77963.0,36.0,6,29970.0
C0196,45,Other,126724.0,63.0,3,12150.0
C0197,40,Female,63687.0,42.0,22,23232.0
C0198,28,Female,73955.0,89.0,16,40976.0
C0199,60,Female,126635.0,98.0,18,9000.0
C0200,47,Male,61224.0,33.0,11,12639.0
C0201,46,Female,133365.0,66.0,27,5643.0
C0202,60,Other,80552.0,53.0,2,3472.0
C0203,51,Female,101609.0,97.0,16,61136.0
C0204,66,Male,46680.0,35.0,18,22914.0
C0205,36,Female,135454.0,90.0,16,19104.0
C0206,19,Other,99806.0,31.0,23,34431.0
C0207,37,Other,21792.0,71.0,14,13482.0
C0208,32,Male,80482.0,16.0,21,30681.0
C0209,49,Other,58254.0,66.0,23,56097.0
C0210,44,Female,148482.0,61.0,8,31528.0
C0211,53,Male,86249.0,25.0,30,130890.0
C0212,65,Male,133249.0,9.0,9,32391.0
C0213,39,Other,55018.0,1.0,10,26450.0
C0214,55,Other,106499.0,63.0,28,39676.0
C0215,46,Other,83483.0,45.0,11,51931.0
C0216,66,Other,69441.0,59.0,30,85080.0
C0217,30,Other,51300.0,74.0,13,27469.0
C0218,67,Female,25720.0,41.0,24,97776.0
C0219,63,Female,70604.0,85.0,26,37596.0
C0220,49,Male,36547.0,65.0,19,55461.0
C0221,24,Female,33069.0,68.0,30,118290.0
C0222,18,Other,38894.0,53.0,28,40992.0
C0223,22,Female,122436.0,34.0,11,38016.0
C0224,59,Male,131642.0,43.0,28,127988.0
C0225,42,Female,102155.0,92.0,29,121713.0
C0226,52,Male,100931.0,9.0,8,20432.0
C0227,32,Other,31846.0,56.0,4,4092.0
C0228,46,Male,110964.0,39.0,29,12673.0
C0229,20,Female,124352.0,8.0,10,31360.0
C0230,41,Female,39080.0,32.0,17,60775.0
C0231,54,Other,123877.0,24.0,6,9804.0
C0232,23,Other,134142.0,49.0,20,43440.0
C0233,49,Other,38758.0,30.0,15,34200.0
C0234,47,Female,107404.0,2.0,29,116319.0
C0235,36,Other,91643.0,21.0,3,11454.0
C0236,40,Other,59210.0,82.0,14,31472.0
C0237,47,Female,46111.0,50.0,28,116424.0
C0238,24,Male,86249.0,74.0,12,58896.0
C0239,36,Other,58696.0,3.0,27,92934.0
C0240,35,Other,94177.0,88.0,25,15025.0
C0241,56,Other,85107.0,37.0,25,52125.0
C0242,56,Female,48705.0,82.0,7,15771.0
C0243,46,Other,120593.0,85.0,22,29040.0
C0244,46,Male,138410.0,81.0,21,10962.0
C0245,37,Female,24373.0,75.0,12,15312.0
C0246,23,Female,62823.0,96.0,14,22932.0
C0247,30,Male,123089.0,70.0,29,92713.0
C0248,51,Other,139732.0,35.0,27,41769.0
C0249,34,Female,146796.0,38.0,24,71376.0
C0250,69,Male,81385.0,10.0,5,10240.0
C0251,61,Other,108395.0,51.0,28,133420.0
C0252,41,Other,123636.0,51.0,1,2366.0
C0253,52,Male,79609.0,48.0,22,51634.0
C0254,55,Female,127795.0,82.0,12,13044.0
C0255,61,Male,81797.0,4.0,20,95980.0
C0256,38,Other,49015.0,83.0,3,12009.0
C0257,62,Female,105097.0,53.0,4,5380.0
C0258,20,Male,59893.0,64.0,4,3984.0
C0259,33,Other,37781.0,50.0,15,48585.0
C0260,60,Other,111289.0,70.0,14,20510.0
C0261,44,Other,32978.0,63.0,20,70860.0
C0262,35,Male,110476.0,48.0,7,26824.0
C0263,46,Male,132125.0,47.0,4,12836.0
C0264,52,Other,67012.0,8.0,13,31980.0
C0265,30,Male,144388.0,59.0,3,5811.0
C0266,59,Other,98269.0,3.0,2,5864.0
C0267,33,Male,123150.0,73.0,7,5334.0
C0268,46,Other,47152.0,76.0,7,14756.0
C0269,39,Male,123369.0,77.0,1,2471.0
C0270,27,Male,90807.0,33.0,26,42354.0
C0271,25,Other,133567.0,4.0,5,1605.0
C0272,40,Male,97182.0,42.0,1,1627.0
C0273,34,Male,36614.0,95.0,14,63126.0
C0274,25,Other,28330.0,61.0,15,47475.0
C0275,50,Other,34293.0,58.0,17,34238.0
C0276,57,Male,115321.0,85.0,17,45390.0
C0277,47,Other,146356.0,4.0,2,8246.0
C0278,43,Female,109928.0,14.0,16,61328.0
C0279,22,Other,62219.0,78.0,5,3690.0
C0280,26,Female,101830.0,82.0,19,89148.0
C0281,63,Female,69925.0,77.0,17,44455.0
C0282,47,Other,99354.0,56.0,4,4548.0
C0283,59,Other,135042.0,99.0,18,35298.0
C0284,45,Female,136403.0,30.0,14,41664.0
C0285,70,Female,72262.0,54.0,24,23472.0
C0286,38,Female,60963.0,86.0,9,29394.0
C0287,27,Other,140977.0,61.0,15,2841.0
C0288,23,Male,76606.0,13.0,24,78048.0
C0289,69,Male,92924.0,8.0,19,91200.0
C0290,53,Female,107819.0,16.0,14,43344.0
C0291,60,Female,133782.0,93.0,2,5112.0
C0292,56,Female,66090.0,14.0,19,82764.0
C0293,31,Male,106079.0,62.0,8,8688.0
C0294,40,Other,68176.0,15.0,25,62050.0
C0295,54,Male,125804.0,55.0,28,134260.0
C0296,67,Other,100422.0,87.0,21,99960.0
C0297,19,Other,141776.0,85.0,27,64530.0
C0298,19,Male,55818.0,90.0,25,68275.0
C0299,39,Female,20800.0,54.0,28,38444.0
C0300,54,Other,72531.0,9.0,5,2255.0
C0301,23,Other,89531.0,28.0,13,47307.0
C0302,47,Female,40631.0,48.0,10,28570.0
C0303,67,Other,98148.0,11.0,29,18270.0
C0304,27,Male,118885.0,80.0,2,1736.0
C0305,35,Female,106761.0,55.0,16,61136.0
C0306,44,Female,48255.0,97.0,17,19244.0
C0307,40,Female,34534.0,37.0,22,92092.0
C0308,51,Other,60425.0,6.0,8,27496.0
C0309,56,Male,21007.0,27.0,10,19300.0
C0310,67,Male,120160.0,33.0,10,28870.0
C0311,25,Male,85193.0,96.0,14,22946.0
C0312,26,Female,89806.0,91.0,8,34384.0
C0313,53,Other,125670.0,46.0,3,10356.0
C0314,65,Male,77176.0,3.0,15,12555.0
C0315,38,Other,86249.0,74.0,13,47073.0
C0316,36,Male,73088.0,3.0,11,17677.0
C0317,69,Other,80305.0,89.0,30,94920.0
C0318,23,Female,130688.0,14.0,8,30152.0
C0319,55,Female,88676.0,11.0,13,35633.0
C0320,65,Female,49041.0,43.0,25,39425.0
C0321,22,Other,102998.0,15.0,17,74409.0
C0322,30,Female,66019.0,94.0,27,38043.0
C0323,33,Other,39194.0,33.0,7,11347.0
C0324,56,Male,119642.0,98.0,21,17157.0
C0325,29,Other,84764.0,60.0,25,120450.0
C0326,46,Other,78838.0,88.0,30,144720.0
C0327,59,Other,149306.0,80.0,11,30679.0
C0328,27,Female,28950.0,61.0,15,40200.0
C0329,68,Female,97518.0,8.0,12,52272.0
C0330,22,Female,80521.0,58.0,2,1332.0
C0331,41,Female,30057.0,83.0,28,26292.0
C0332,57,Other,86462.0,50.0,15,74310.0
C0333,53,Other,137424.0,6.0,15,73245.0
C0334,59,Male,62143.0,78.0,16,68912.0
C0335,46,Male,79050.0,14.0,26,78338.0
C0336,63,Male,86132.0,83.0,6,3120.0
C0337,33,Other,77377.0,57.0,17,76194.0
C0338,57,Male,67696.0,48.0,30,75510.0
C0339,42,Female,121510.0,44.0,22,13816.0
C0340,68,Other,104843.0,43.0,3,8700.0
C0341,24,Other,108916.0,50.0,10,22640.0
C0342,64,Other,146407.0,78.0,28,40068.0
C0343,39,Male,96380.0,85.0,5,15325.0
C0344,37,Other,111551.0,85.0,15,16328.0
C0345,56,Other,142945.0,11.0,10,47780.0
C0346,42,Other,123764.0,43.0,27,33642.0
C0347,60,Other,128653.0,95.0,22,99264.0
C0348,23,Other,107878.0,55.0,17,53788.0
C0349,19,Female,60483.0,24.0,7,20993.0
C0350,67,Female,45166.0,29.0,5,7345.0
C0351,22,Female,130680.0,13.0,17,78557.0
C0352,65,Other,24947.0,85.0,11,14003.0
C0353,56,Female,40218.0,21.0,6,9336.0
C0354,64,Female,25726.0,53.0,12,25740.0
C0355,46,Other,57346.0,54.0,24,93048.0
C0356,32,Other,51348.0,40.0,26,105092.0
C0357,30,Female,108907.0,74.0,15,59730.0
C0358,67,Female,121990.0,49.0,17,76840.0
C0359,44,Male,127071.0,26.0,26,34658.0
C0360,34,Male,104040.0,62.0,28,90720.0
C0361,53,Male,113244.0,67.0,28,34188.0
C0362,36,Male,120023.0,21.0,9,34920.0
C0363,50,Male,128926.0,56.0,3,6054.0
C0364,70,Female,135950.0,45.0,30,12540.0
C0365,44,Male,71964.0,65.0,12,25572.0
C0366,42,Male,69140.0,29.0,1,2810.0
C0367,24,Other,105191.0,43.0,26,36296.0
C0368,26,Male,57601.0,61.0,23,30728.0
C0369,66,Other,81487.0,58.0,20,4860.0
C0370,23,Male,53544.0,28.0,27,38448.0
C0371,53,Other,99807.0,68.0,14,15540.0
C0372,67,Female,51147.0,39.0,4,2364.0
C0373,33,Female,103748.0,80.0,15,10710.0
C0374,25,Female,98215.0,69.0,1,4421.0
C0375,54,Male,114181.0,19.0,10,37160.0
C0376,18,Other,66244.0,31.0,19,68628.0
C0377,29,Other,107584.0,11.0,17,53618.0
C0378,22,Other,91313.0,65.0,26,113308.0
C0379,53,Male,71177.0,61.0,2,6738.0
C0380,41,Female,117952.0,3.0,12,9036.0
C0381,40,Male,116068.0,85.0,21,22029.0
C0382,67,Other,116362.0,97.0,11,14212.0
C0383,20,Female,91567.0,44.0,27,44118.0
C0384,67,Other,80899.0,90.0,16,27088.0
C0385,69,Male,28270.0,92.0,25,98725.0
C0386,20,Female,46422.0,54.0,26,47684.0
C0387,20,Female,142338.0,40.0,17,58854.0
C0388,70,Other,82049.0,33.0,2,3530.0
C0389,36,Female,133002.0,100.0,2,5838.0
C0390,35,Male,124771.0,48.0,14,48664.0
C0391,65,Female,137261.0,50.0,11,19030.0
C0392,49,Other,85211.0,48.0,30,133590.0
C0393,35,Male,115300.0,55.0,3,11181.0
C0394,56,Male,91496.0,38.0,11,11440.0
C0395,23,Female,106628.0,38.0,10,38520.0
C0396,56,Other,75851.0,22.0,23,88228.0
C0397,40,Female,25551.0,94.0,28,86464.0
C0398,57,Female,55986.0,82.0,26,17394.0
C0399,22,Other,103560.0,52.0,12,52836.0
C0400,69,Other,109051.0,21.0,1,1369.0
C0401,56,Other,122408.0,57.0,2,2468.0
C0402,22,Male,122041.0,83.0,12,37992.0
C0403,46,Other,24244.0,78.0,5,19425.0
C0404,41,Other,78188.0,98.0,3,14703.0
C0405,26,Other,68096.0,51.0,11,27313.0
C0406,33,Male,23396.0,95.0,6,25728.0
C0407,51,Female,139739.0,72.0,4,9376.0
C0408,67,Female,112279.0,58.0,7,17773.0
C0409,62,Female,46237.0,16.0,5,4030.0
C0410,46,Male,137791.0,92.0,15,13785.0
C0411,69,Other,146820.0,41.0,22,67012.0
C0412,63,Male,92089.0,70.0,10,26570.0
C0413,28,Other,113003.0,90.0,21,34146.0
C0414,68,Female,86683.0,29.0,4,7384.0
C0415,68,Male,51029.0,64.0,1,3156.0
C0416,53,Other,68353.0,60.0,26,122694.0
C0417,26,Other,135899.0,12.0,3,8199.0
C0418,43,Other,114223.0,62.0,17,60605.0
C0419,67,Female,127916.0,74.0,3,3678.0
C0420,38,Other,29720.0,58.0,15,66570.0
C0421,40,Male,135075.0,100.0,18,30420.0
C0422,67,Male,76704.0,65.0,30,19590.0
C0423,46,Other,40056.0,39.0,6,9156.0
C0424,38,Other,49552.0,45.0,17,42942.0
C0425,23,Female,45729.0,82.0,18,44064.0
C0426,26,Other,59691.0,79.0,18,17370.0
C0427,50,Other,42103.0,76.0,19,27797.0
C0428,28,Other,101851.0,93.0,29,85985.0
C0429,54,Male,128165.0,4.0,3,1716.0
C0430,59,Other,54688.0,84.0,7,34202.0
C0431,44,Other,103753.0,4.0,16,74704.0
C0432,36,Other,145390.0,39.0,16,35296.0
C0433,69,Other,73227.0,39.0,15,11955.0
C0434,62,Male,40719.0,57.0,14,58324.0
C0435,47,Male,64589.0,78.0,5,13800.0
C0436,63,Female,116233.0,45.0,13,16523.0
C0437,66,Female,87499.0,72.0,4,11256.0
C0438,33,Female,36059.0,35.0,15,33450.0
C0439,27,Male,26632.0,38.0,13,47125.0
C0440,33,Male,126624.0,42.0,30,147960.0
C0441,64,Female,44881.0,98.0,6,25686.0
C0442,50,Female,85373.0,40.0,16,6224.0
C0443,23,Female,86249.0,59.0,8,15696.0
C0444,55,Female,26377.0,7.0,10,42540.0
C0445,56,Other,108148.0,61.0,10,45960.0
C0446,18,Male,76482.0,18.0,29,32296.0
C0447,64,Female,120120.0,52.0,12,6840.0
C0448,43,Male,94747.0,72.0,7,22183.0
C0449,53,Female,29637.0,50.0,17,66113.0
C0450,66,Other,56663.0,80.0,22,25806.0
C0451,26,Male,71629.0,48.0,26,77402.0
C0452,53,Female,118954.0,19.0,7,30590.0
C0453,43,Other,25276.0,6.0,2,2644.0
C0454,63,Female,125377.0,61.0,17,67031.0
C0455,27,Other,137064.0,66.0,5,14430.0
C0456,57,Female,41299.0,51.0,20,53020.0
C0457,55,Female,86494.0,66.0,18,75816.0
C0458,63,Other,59294.0,61.0,27,9072.0
C0459,41,Female,108317.0,15.0,14,69734.0
C0460,37,Other,134307.0,89.0,21,8778.0
C0461,56,Female,54803.0,84.0,26,128388.0
C0462,54,Male,114555.0,7.0,19,78565.0
C0463,28,Other,102447.0,93.0,20,66280.0
C0464,27,Other,51745.0,5.0,19,20900.0
C0465,30,Male,77807.0,41.0,14,20160.0
C0466,44,Other,46724.0,53.0,17,69071.0
C0467,65,Other,28163.0,91.0,5,22245.0
C0468,31,Other,62604.0,85.0,16,72064.0
C0469,42,Female,145394.0,23.0,15,68505.0
C0470,39,Other,86249.0,87.0,25,59125.0
C0471,57,Female,45200.0,32.0,9,42939.0
C0472,37,Male,143402.0,39.0,25,64175.0
C0473,63,Male,110471.0,91.0,16,44752.0
C0474,48,Female,93464.0,93.0,9,23013.0
C0475,25,Other,108686.0,70.0,13,44616.0
C0476,70,Female,145122.0,99.0,26,36374.0
C0477,36,Male,57700.0,92.0,3,9111.0
C0478,46,Other,53612.0,96.0,16,31232.0
C0479,30,Other,55537.0,72.0,23,55775.0
C0480,26,Male,100698.0,95.0,19,41040.0
C0481,33,Male,107796.0,68.0,8,16856.0
C0482,21,Male,74172.0,43.0,23,93587.0
C0483,24,Other,121025.0,18.0,1,4708.0
C0484,28,Female,105575.0,61.0,16,29328.0
C0485,66,Female,62096.0,37.0,21,14364.0
C0486,67,Male,105498.0,74.0,8,36664.0
C0487,65,Other,131454.0,5.0,30,49020.0
C0488,44,Male,142411.0,5.0,27,93204.0
C0489,68,Female,44420.0,96.0,28,71988.0
C0490,20,Male,59110.0,73.0,20,21580.0
C0491,39,Female,79552.0,83.0,18,80910.0
C0492,49,Male,131550.0,65.0,15,36525.0
C0493,30,Male,63343.0,21.0,24,95016.0
C0494,59,Female,114188.0,24.0,1,2961.0
C0495,68,Female,94420.0,87.0,25,44550.0
C0496,29,Other,132216.0,82.0,29,102109.0
C0497,70,Female,87538.0,42.0,3,10449.0
C0498,60,Male,44219.0,18.0,16,45600.0
C0499,33,Male,54181.0,50.0,8,30872.0
C0500,66,Female,145047.0,43.0,10,49710.0
C0501,64,Other,21498.0,34.0,21,66045.0
C0502,62,Male,28142.0,86.0,4,16048.0
C0503,37,Male,73138.0,88.0,17,46699.0
C0504,62,Male,103717.0,38.0,12,32296.0
C0505,32,Male,82676.0,20.0,15,48900.0
C0506,44,Other,91989.0,61.0,25,115075.0
C0507,69,Other,128213.0,28.0,25,55675.0
C0508,61,Other,134443.0,11.0,17,65603.0
C0509,51,Other,67419.0,10.0,30,144630.0
C0510,25,Male,128629.0,71.0,29,125860.0
C0511,30,Other,90341.0,20.0,6,17322.0
C0512,51,Female,35235.0,88.0,7,34839.0
C0513,49,Male,137819.0,66.0,15,9825.0
C0514,47,Male,87272.0,54.0,15,72285.0
C0515,21,Other,80604.0,87.0,26,70824.0
C0516,64,Male,71897.0,33.0,27,6048.0
C0517,65,Male,95800.0,10.0,2,7340.0
C0518,40,Other,28357.0,70.0,2,32296.0
C0519,48,Male,57629.0,53.0,6,7854.0
C0520,67,Other,148232.0,94.0,21,76503.0
C0521,41,Female,78790.0,49.0,13,11141.0
C0522,61,Other,134629.0,70.0,5,15240.0
C0523,25,Male,90419.0,51.0,17,21131.0
C0524,64,Male,129421.0,1.0,25,9650.0
C0525,37,Female,108276.0,93.0,18,66132.0
C0526,52,Female,127919.0,30.0,8,31784.0
C0527,40,Male,56129.0,25.0,30,33720.0
C0528,20,Other,74950.0,79.0,25,8200.0
C0529,33,Male,28819.0,13.0,20,9500.0
C0530,46,Other,108083.0,91.0,28,16744.0
C0531,33,Other,25798.0,52.0,15,31785.0
C0532,52,Male,118878.0,100.0,2,2694.0
C0533,50,Other,50692.0,94.0,19,53428.0
C0534,54,Other,121258.0,87.0,27,76302.0
C0535,33,Female,134852.0,19.0,22,98340.0
C0536,32,Female,59387.0,36.0,2,9520.0
C0537,55,Other,139482.0,23.0,21,77679.0
C0538,53,Female,26145.0,45.0,21,69762.0
C0539,68,Other,61777.0,90.0,14,49616.0
C0540,27,Female,69343.0,24.0,25,115150.0
C0541,48,Male,131324.0,29.0,10,13820.0
C0542,69,Female,139896.0,8.0,18,64440.0
C0543,46,Other,89467.0,18.0,13,28457.0
C0544,34,Male,63288.0,83.0,3,11652.0
C0545,41,Male,90206.0,93.0,27,47520.0
C0546,21,Female,69436.0,87.0,20,10460.0
C0547,22,Male,125467.0,98.0,19,90782.0
C0548,31,Female,47379.0,43.0,10,3250.0
C0549,31,Male,146101.0,95.0,4,16492.0
C0550,33,Other,99220.0,91.0,7,24143.0
C0551,33,Other,62154.0,100.0,10,33180.0
C0552,47,Other,105029.0,46.0,10,23420.0
C0553,41,Other,135711.0,64.0,15,15105.0
C0554,69,Other,81537.0,98.0,27,76221.0
C0555,31,Female,61015.0,54.0,2,9616.0
C0556,32,Other,39126.0,3.0,9,42588.0
C0557,55,Other,114373.0,54.0,10,14480.0
C0558,30,Female,50149.0,49.0,19,42047.0
C0559,49,Other,105800.0,88.0,11,25388.0
C0560,66,Other,146682.0,93.0,21,88578.0
C0561,47,Male,116045.0,46.0,6,8076.0
C0562,64,Other,84004.0,24.0,30,139230.0
C0563,59,Male,88674.0,5.0,27,21816.0
C0564,70,Other,26358.0,98.0,1,3578.0
C0565,26,Other,50334.0,9.0,23,33051.0
C0566,18,Male,86287.0,59.0,12,8340.0
C0567,57,Other,107392.0,79.0,30,124740.0
C0568,60,Female,22061.0,1.0,18,84942.0
C0569,44,Male,22192.0,68.0,24,58800.0
C0570,52,Female,22246.0,65.0,27,100629.0
C0571,69,Male,34026.0,13.0,17,24123.0
C0572,33,Male,101235.0,68.0,9,27927.0
C0573,35,Female,30357.0,48.0,13,51480.0
C0574,54,Male,149791.0,90.0,8,21256.0
C0575,61,Male,105686.0,84.0,25,11475.0
C0576,23,Female,69710.0,49.0,18,73782.0
C0577,21,Other,21238.0,90.0,6,5262.0
C0578,49,Female,104529.0,43.0,19,18639.0
C0579,51,Male,50115.0,28.0,29,140447.0
C0580,48,Female,26102.0,10.0,22,54912.0
C0581,52,Other,106259.0,5.0,6,16656.0
C0582,19,Male,96943.0,54.0,25,86550.0
C0583,22,Female,41292.0,73.0,8,38736.0
C0584,42,Other,137509.0,70.0,11,36784.0
C0585,66,Other,38343.0,89.0,24,20208.0
C0586,50,Other,147706.0,45.0,2,2000.0
C0587,45,Male,129926.0,10.0,11,37939.0
C0588,67,Female,23883.0,82.0,9,35010.0
C0589,49,Male,66636.0,71.0,13,48581.0
C0590,29,Other,96791.0,85.0,13,11726.0
C0591,67,Other,58715.0,32.0,23,18446.0
C0592,23,Female,40214.0,49.0,23,33649.0
C0593,65,Female,61507.0,47.0,4,3796.0
C0594,18,Female,78292.0,47.0,25,60225.0
C0595,24,Male,31442.0,24.0,15,54264.0
C0596,53,Other,87166.0,53.0,4,1660.0
C0597,23,Female,92642.0,12.0,20,57140.0
C0598,42,Male,58253.0,53.0,13,11609.0
C0599,64,Other,138647.0,32.0,19,84892.0
C0600,28,Other,69903.0,22.0,5,12010.0
C0601,37,Female,84634.0,19.0,3,4707.0
C0602,45,Female,75194.0,39.0,16,13280.0
C0603,41,Female,143761.0,32.0,24,102264.0
C0604,56,Other,45630.0,59.0,4,5236.0
C0605,37,Male,144364.0,51.0,11,36432.0
C0606,69,Female,77700.0,43.0,14,18410.0
C0607,37,Female,99064.0,54.0,7,28868.0
C0608,38,Male,146428.0,51.0,11,28457.0
C0609,65,Other,102955.0,63.0,19,41515.0
C0610,38,Female,56739.0,51.0,12,13584.0
C0611,54,Male,97624.0,70.0,6,28236.0
C0612,19,Other,80505.0,91.0,7,26537.0
C0613,69,Female,128957.0,89.0,3,10653.0
C0614,61,Female,38242.0,82.0,10,21820.0
C0615,34,Other,40203.0,92.0,14,46032.0
C0616,22,Female,149853.0,77.0,16,79504.0
C0617,43,Other,86402.0,89.0,14,65142.0
C0618,20,Female,111964.0,69.0,20,17920.0
C0619,24,Male,106193.0,86.0,12,18744.0
C0620,59,Other,25806.0,73.0,21,72933.0
C0621,66,Female,146578.0,56.0,4,1144.0
C0622,24,Female,49098.0,66.0,24,106776.0
C0623,53,Other,110133.0,74.0,8,30808.0
C0624,41,Female,80694.0,99.0,22,94578.0
C0625,27,Female,23219.0,62.0,4,10480.0
C0626,44,Male,35213.0,94.0,5,15265.0
C0627,37,Female,79681.0,27.0,17,70652.0
C0628,40,Female,32795.0,57.0,24,93744.0
C0629,38,Male,59356.0,6.0,26,29692.0
C0630,19,Female,104930.0,14.0,22,34012.0
C0631,65,Male,87632.0,23.0,18,27198.0
C0632,39,Other,75885.0,60.0,8,28144.0
C0633,58,Male,44430.0,82.0,22,82280.0
C0634,43,Male,116650.0,79.0,29,52664.0
C0635,46,Other,76302.0,50.0,1,1959.0
C0636,31,Female,118608.0,91.0,26,18512.0
C0637,54,Male,124792.0,69.0,6,19176.0
C0638,38,Male,79972.0,15.0,9,37881.0
C0639,51,Other,61078.0,77.0,13,44395.0
C0640,55,Male,65603.0,46.0,28,110600.0
C0641,57,Male,126658.0,87.0,23,60628.0
C0642,57,Other,31108.0,87.0,5,13825.0
C0643,25,Male,60026.0,15.0,6,19548.0
C0644,62,Male,86954.0,50.0,14,18606.0
C0645,54,Female,75448.0,24.0,16,73632.0
C0646,62,Other,141988.0,23.0,18,28188.0
C0647,49,Female,38388.0,24.0,11,42834.0
C0648,57,Male,133445.0,46.0,1,4169.0
C0649,26,Male,126851.0,50.0,18,78120.0
C0650,59,Female,73626.0,88.0,16,57664.0
C0651,63,Female,84054.0,22.0,3,14493.0
C0652,19,Male,86249.0,5.0,9,18369.0
C0653,52,Female,86249.0,100.0,15,72495.0
C0654,65,Female,92053.0,66.0,4,19564.0
C0655,25,Female,121595.0,70.0,27,86535.0
C0656,52,Male,119615.0,93.0,15,70125.0
C0657,31,Female,33423.0,95.0,27,60129.0
C0658,37,Male,78947.0,34.0,12,10944.0
C0659,46,Male,121663.0,31.0,7,21504.0
C0660,63,Other,102938.0,55.0,6,8040.0
C0661,68,Male,126630.0,27.0,26,17836.0
C0662,54,Female,89767.0,36.0,20,92260.0
C0663,28,Female,148319.0,91.0,10,25700.0
C0664,54,Female,144832.0,66.0,29,28420.0
C0665,26,Female,140424.0,8.0,9,11151.0
C0666,62,Male,52725.0,19.0,23,65274.0
C0667,33,Other,71472.0,63.0,5,24650.0
C0668,58,Female,102288.0,54.0,13,50726.0
C0669,22,Other,124149.0,99.0,3,10500.0
C0670,50,Other,56467.0,89.0,30,96690.0
C0671,47,Female,62898.0,75.0,1,963.0
C0672,64,Female,103209.0,86.0,23,72082.0
C0673,22,Other,72129.0,28.0,14,27090.0
C0674,49,Other,62318.0,37.0,11,51513.0
C0675,54,Male,94205.0,63.0,26,78390.0
C0676,61,Male,26021.0,13.0,21,83244.0
C0677,19,Male,141822.0,21.0,15,59085.0
C0678,18,Female,46518.0,89.0,30,38400.0
C0679,59,Female,40837.0,36.0,15,9456.0
C0680,34,Male,68738.0,86.0,29,45095.0
C0681,21,Female,101999.0,40.0,24,50832.0
C0682,45,Other,31953.0,91.0,4,832.0
C0683,31,Female,30215.0,17.0,19,38988.0
C0684,51,Other,78335.0,2.0,1,3014.0
C0685,70,Male,149519.0,55.0,23,29486.0
C0686,48,Male,50008.0,50.0,3,3117.0
C0687,24,Female,68177.0,39.0,5,16675.0
C0688,67,Male,104092.0,87.0,5,3800.0
C0689,51,Other,21110.0,79.0,21,32424.0
C0690,46,Female,114690.0,28.0,21,30240.0
C0691,44,Other,109989.0,57.0,28,55412.0
C0692,23,Male,38351.0,97.0,4,13380.0
C0693,40,Female,61222.0,18.0,8,19744.0
C0694,59,Male,52527.0,71.0,20,50680.0
C0695,67,Other,23515.0,85.0,29,77459.0
C0696,31,Other,99551.0,66.0,7,23863.0
C0697,36,Other,27152.0,31.0,16,53776.0
C0698,25,Male,85481.0,82.0,20,15620.0
C0699,51,Male,149352.0,47.0,30,83760.0
C0700,26,Female,132828.0,73.0,14,44702.0
C0701,52,Other,42645.0,98.0,16,12752.0
C0702,19,Other,28851.0,2.0,9,17703.0
C0703,20,Male,144345.0,51.0,17,43282.0
C0704,58,Other,85673.0,99.0,14,51366.0
C0705,62,Female,30803.0,82.0,18,82872.0
C0706,57,Male,56368.0,11.0,10,8470.0
C0707,50,Male,147705.0,20.0,18,51768.0
C0708,43,Other,103138.0,98.0,27,20007.0
C0709,37,Other,77342.0,94.0,28,60312.0
C0710,21,Male,31300.0,56.0,4,15656.0
C0711,57,Other,27212.0,54.0,22,36036.0
C0712,25,Male,112785.0,18.0,23,6716.0
C0713,28,Female,144913.0,45.0,17,75429.0
C0714,68,Other,53980.0,22.0,12,14868.0
C0715,65,Female,116067.0,16.0,25,11000.0
C0716,39,Female,55649.0,68.0,3,7062.0
C0717,63,Other,102251.0,10.0,16,62848.0
C0718,50,Female,27266.0,64.0,28,32296.0
C0719,28,Female,40618.0,33.0,25,26050.0
C0720,54,Other,114736.0,15.0,8,34944.0
C0721,18,Male,132550.0,2.0,8,4608.0
C0722,48,Female,70197.0,20.0,6,2934.0
C0723,53,Other,117080.0,84.0,14,28546.0
C0724,38,Male,74559.0,93.0,11,26642.0
C0725,70,Male,94912.0,48.0,4,17248.0
C0726,61,Male,43507.0,29.0,26,115050.0
C0727,20,Female,29034.0,60.0,28,70336.0
C0728,67,Female,62899.0,12.0,18,70938.0
C0729,18,Female,46302.0,38.0,19,32296.0
C0730,65,Other,51795.0,60.0,12,50892.0
